{
  "_fv": 13,
  "_type": "tool",
  "definition": {
    "renderType": 0,
    "texture": "katana",
    "customModelName": "Normal",
    "name": "Katana",
    "specialInfo": [],
    "creativeTab": {
      "value": "CUSTOM:RiseMC"
    },
    "toolType": "Sword",
    "harvestLevel": 1,
    "efficiency": 4.5,
    "attackSpeed": 5.0,
    "enchantability": 4,
    "damageVsEntity": 6.0,
    "usageCount": 2000,
    "blocksAffected": [],
    "hasGlow": true,
    "repairItems": [
      {
        "value": "Items.IRON_INGOT"
      }
    ],
    "stayInGridWhenCrafting": false,
    "damageOnCrafting": false
  }
}