{
  "_fv": 13,
  "_type": "tool",
  "definition": {
    "renderType": 0,
    "texture": "lapizstick",
    "customModelName": "Normal",
    "name": "Lapiz Stick",
    "specialInfo": [],
    "creativeTab": {
      "value": "CUSTOM:RiseMC"
    },
    "toolType": "Special",
    "harvestLevel": 1,
    "efficiency": 4.0,
    "attackSpeed": 0.2,
    "enchantability": 2,
    "damageVsEntity": 4.0,
    "usageCount": 100,
    "blocksAffected": [],
    "hasGlow": false,
    "repairItems": [],
    "stayInGridWhenCrafting": false,
    "damageOnCrafting": false,
    "onRightClickedInAir": {
      "name": "Lapizstickprocedure"
    },
    "onRightClickedOnBlock": {
      "name": "Lapizstickprocedure"
    }
  }
}