{
  "_fv": 13,
  "_type": "armor",
  "definition": {
    "enableHelmet": true,
    "textureHelmet": "lapiz_head",
    "enableBody": true,
    "textureBody": "lapiz_body",
    "enableLeggings": true,
    "textureLeggings": "lapiz_leggings",
    "enableBoots": true,
    "textureBoots": "lapiz_boots",
    "onBodyTick": {
      "name": "Lapiz"
    },
    "creativeTab": {
      "value": "CUSTOM:RiseMC"
    },
    "armorTextureFile": "lapiz",
    "helmetName": "Lapiz Helmet",
    "bodyName": "Lapiz Chestplate",
    "leggingsName": "Lapiz Leggings",
    "bootsName": "Lapiz Boots",
    "helmetSpecialInfo": [],
    "bodySpecialInfo": [],
    "leggingsSpecialInfo": [],
    "bootsSpecialInfo": [],
    "helmetModelName": "Default",
    "helmetModelPart": "Helmet",
    "helmetModelTexture": "From armor",
    "bodyModelName": "Default",
    "bodyModelPart": "Body",
    "armsModelPartL": "Arms L",
    "armsModelPartR": "Arms R",
    "bodyModelTexture": "From armor",
    "leggingsModelName": "Default",
    "leggingsModelPartL": "Leggings L",
    "leggingsModelPartR": "Leggings R",
    "leggingsModelTexture": "From armor",
    "bootsModelName": "Default",
    "bootsModelPartL": "Boots L",
    "bootsModelPartR": "Boots R",
    "bootsModelTexture": "From armor",
    "maxDamage": 35,
    "damageValueHelmet": 2,
    "damageValueBody": 6,
    "damageValueLeggings": 5,
    "damageValueBoots": 2,
    "enchantability": 9,
    "toughness": 3.0,
    "equipSound": {
      "value": "block.portal.travel"
    },
    "repairItems": [
      {
        "value": "Blocks.LAPIS_BLOCK"
      }
    ]
  }
}