{
  "_fv": 13,
  "_type": "recipe",
  "definition": {
    "recipeType": "Crafting",
    "xpReward": 0.0,
    "cookingTime": 200,
    "recipeRetstackSize": 1,
    "group": "",
    "recipeShapeless": false,
    "recipeSlots": [
      {
        "value": ""
      },
      {
        "value": "Blocks.EMERALD_BLOCK"
      },
      {
        "value": ""
      },
      {
        "value": "Blocks.LAPIS_BLOCK"
      },
      {
        "value": "CUSTOM:Rubis"
      },
      {
        "value": "Blocks.DIAMOND_BLOCK"
      },
      {
        "value": ""
      },
      {
        "value": "Blocks.REDSTONE_BLOCK"
      },
      {
        "value": ""
      }
    ],
    "recipeReturnStack": {
      "value": "CUSTOM:RaffinedRuby"
    },
    "name": "rubisrecipe",
    "namespace": "mod"
  }
}