{
  "display": {
    "background": "minecraft:textures/block/stone.png",
    "icon": {
      "item": "rise_mod:katana"
    },
    "title": {
      "translate": "advancements.ninja.title"
    },
    "description": {
      "translate": "advancements.ninja.descr"
    },
    "frame": "task",
    "show_toast": true,
    "announce_to_chat": true,
    "hidden": false
  },
  "criteria": {
    "ninja": {
      "trigger": "minecraft:inventory_changed",
      "conditions": {
        "items": [
          {
            "item": "rise_mod:katana",
            "count": {
              "min": 1,
              "max": 1
            }
          }
        ]
      }
    }
  },
  "rewards": {
    "experience": 1
  }
}